{"0.5": [-1.3862943611198906, -9.433483923290392, -9.433483923290392, -9.433483923290392, -9.433483923290392, -10.75055681536833, -6.931471805599453, -1.3862943611198906, -13.621371043387192, -6.931471805599453, -6.068425588244111, -4.68213122712422, -6.931471805599453, -4.1588830833596715, -4.68213122712422, -4.68213122712422, -6.591673732008658, -6.591673732008658, -6.591673732008658, -6.931471805599453, -4.68213122712422, -4.68213122712422, -6.591673732008658, -2.772588722239781, -4.68213122712422, -4.68213122712422, -6.931471805599453, -10.75055681536833, -10.75055681536833, -8.047189562170502, -12.136851176488221, 0.0, -2.772588722239781, -8.317766166719343, -12.136851176488221, -16.635532333438686, -4.1588830833596715, -7.977968093128549, -8.841014310483892, -7.977968093128549, -8.841014310483892, -8.841014310483892, -6.591673732008658, -10.75055681536833, -8.047189562170502, -9.433483923290392, 0.0, -9.433483923290392, -11.34302642817483, -11.34302642817483, -8.047189562170502, -8.047189562170502, -9.433483923290392, -6.931471805599453, -9.433483923290392, -10.75055681536833, -10.75055681536833, -8.047189562170502, -10.75055681536833, -10.75055681536833, -16.635532333438686, -8.047189562170502, -10.75055681536833, -9.433483923290392, 0.0, -12.136851176488221, -12.136851176488221, -9.433483923290392, -9.433483923290392, -9.433483923290392, -9.433483923290392, -13.621371043387192, -8.047189562170502, -11.34302642817483, -16.635532333438686, -16.635532333438686, -12.136851176488221, -12.136851176488221, -16.635532333438686, -12.136851176488221, -16.635532333438686, -16.635532333438686, -16.635532333438686, -16.635532333438686, -16.635532333438686, -16.635532333438686, -16.635532333438686, -16.635532333438686, -12.136851176488221, -10.75055681536833, -10.75055681536833, -10.75055681536833, -10.75055681536833, -8.047189562170502, -8.047189562170502, -8.047189562170502, -8.047189562170502, -8.047189562170502, -8.047189562170502, 0.0, -5.545177444479562, -8.047189562170502, -8.047189562170502, -12.136851176488221, -8.047189562170502, -16.635532333438686, -13.621371043387192, -8.047189562170502, -10.75055681536833, -16.635532333438686, -1.3862943611198906, 0.0, -4.68213122712422, -4.68213122712422, -6.931471805599453, -6.931471805599453, -9.433483923290392, -6.931471805599453, -5.545177444479562, -6.931471805599453, -5.545177444479562], "0.6": [-1.3862943611198906, -9.433483923290392, -9.433483923290392, -9.433483923290392, -9.433483923290392, -10.75055681536833, -6.931471805599453, -1.3862943611198906, -13.621371043387192, -6.931471805599453, -6.068425588244111, -4.68213122712422, -6.931471805599453, -4.1588830833596715, -4.68213122712422, -4.68213122712422, -6.591673732008658, -6.591673732008658, -6.591673732008658, -6.931471805599453, -4.68213122712422, -4.68213122712422, -6.591673732008658, -2.772588722239781, -4.68213122712422, -4.68213122712422, -6.931471805599453, -10.75055681536833, -10.75055681536833, -8.047189562170502, -12.136851176488221, 0.0, -2.772588722239781, -8.317766166719343, -12.136851176488221, -16.635532333438686, -4.1588830833596715, -7.977968093128549, -8.841014310483892, -7.977968093128549, -8.841014310483892, -8.841014310483892, -6.591673732008658, -10.75055681536833, -8.047189562170502, -9.433483923290392, 0.0, -9.433483923290392, -11.34302642817483, -11.34302642817483, -8.047189562170502, -8.047189562170502, -9.433483923290392, -6.931471805599453, -9.433483923290392, -10.75055681536833, -10.75055681536833, -8.047189562170502, -10.75055681536833, -10.75055681536833, -16.635532333438686, -8.047189562170502, -10.75055681536833, -9.433483923290392, 0.0, -12.136851176488221, -12.136851176488221, -9.433483923290392, -9.433483923290392, -9.433483923290392, -9.433483923290392, -13.621371043387192, -8.047189562170502, -11.34302642817483, -16.635532333438686, -16.635532333438686, -12.136851176488221, -12.136851176488221, -16.635532333438686, -12.136851176488221, -16.635532333438686, -16.635532333438686, -16.635532333438686, -16.635532333438686, -16.635532333438686, -16.635532333438686, -16.635532333438686, -16.635532333438686, -12.136851176488221, -10.75055681536833, -10.75055681536833, -10.75055681536833, -10.75055681536833, -8.047189562170502, -8.047189562170502, -8.047189562170502, -8.047189562170502, -8.047189562170502, -8.047189562170502, 0.0, -5.545177444479562, -8.047189562170502, -8.047189562170502, -12.136851176488221, -8.047189562170502, -16.635532333438686, -13.621371043387192, -8.047189562170502, -10.75055681536833, -16.635532333438686, -1.3862943611198906, 0.0, -4.68213122712422, -4.68213122712422, -6.931471805599453, -6.931471805599453, -9.433483923290392, -6.931471805599453, -5.545177444479562, -6.931471805599453, -5.545177444479562], "0.7": [-1.3862943611198906, -9.433483923290392, -9.433483923290392, -9.433483923290392, -9.433483923290392, -10.75055681536833, -6.931471805599453, -1.3862943611198906, -13.621371043387192, -6.931471805599453, -6.068425588244111, -4.68213122712422, -6.931471805599453, -4.1588830833596715, -4.68213122712422, -4.68213122712422, -6.591673732008658, -6.591673732008658, -6.591673732008658, -6.931471805599453, -4.68213122712422, -4.68213122712422, -6.591673732008658, -2.772588722239781, -4.68213122712422, -4.68213122712422, -6.931471805599453, -10.75055681536833, -10.75055681536833, -8.047189562170502, -12.136851176488221, 0.0, -2.772588722239781, -8.317766166719343, -12.136851176488221, -16.635532333438686, -4.1588830833596715, -7.977968093128549, -8.841014310483892, -7.977968093128549, -8.841014310483892, -8.841014310483892, -6.591673732008658, -10.75055681536833, -8.047189562170502, -9.433483923290392, 0.0, -9.433483923290392, -11.34302642817483, -11.34302642817483, -8.047189562170502, -8.047189562170502, -9.433483923290392, -6.931471805599453, -9.433483923290392, -10.75055681536833, -10.75055681536833, -8.047189562170502, -10.75055681536833, -10.75055681536833, -16.635532333438686, -8.047189562170502, -10.75055681536833, -9.433483923290392, 0.0, -12.136851176488221, -12.136851176488221, -9.433483923290392, -9.433483923290392, -9.433483923290392, -9.433483923290392, -13.621371043387192, -8.047189562170502, -11.34302642817483, -16.635532333438686, -16.635532333438686, -12.136851176488221, -12.136851176488221, -16.635532333438686, -12.136851176488221, -16.635532333438686, -16.635532333438686, -16.635532333438686, -16.635532333438686, -16.635532333438686, -16.635532333438686, -16.635532333438686, -16.635532333438686, -12.136851176488221, -10.75055681536833, -10.75055681536833, -10.75055681536833, -10.75055681536833, -8.047189562170502, -8.047189562170502, -8.047189562170502, -8.047189562170502, -8.047189562170502, -8.047189562170502, 0.0, -5.545177444479562, -8.047189562170502, -8.047189562170502, -12.136851176488221, -8.047189562170502, -16.635532333438686, -13.621371043387192, -8.047189562170502, -10.75055681536833, -16.635532333438686, -1.3862943611198906, 0.0, -4.68213122712422, -4.68213122712422, -6.931471805599453, -6.931471805599453, -9.433483923290392, -6.931471805599453, -5.545177444479562, -6.931471805599453, -5.545177444479562],